1,700,5135,1977,12,Abélard,a Heloisa,Dopisy utrpení lásky,
1,1282,7500,1910,0,Abe,Kóbo,Písečná Zena,
1,824,554,1971,22,Adamovič,D. Gunin,Kniha a Blokádě,
1,853,853,1982,12,Addams,Peter,Tajemství podobizny,
1,,,,0,Ajtmanov,Čingiz,Popraviště,
1,880,5768,1983,22,Ajtmanov,Čingiz,Stanice Bouřná,
1,652,4064,1975,18,Alcottová,Louisa May,Mladé Ženy,
1,433,433,,20,Aldington,R.,Zemřel Hrdina,
1,773,5389,,21,Aldridge,James,Můj bratr Tom,
1,1193,7214,,38,Allendeová,Isabel,Dům duchů,
1,1024,6260,1986,22,Allfreyová,Phyllis,Dům mezi orchidejemi,
1,876,5743,1983,47,Amado,Jorge,Návrat marnotratné dcery,
1,1188,7183,1991,25,Amenda,Alfred,Nobel,
1,1164,7091,,25,Amenda,Alfred,Nobel,
1,875,5742,1983,20,Andreota,Paul,Cikcak,
1,1087,6465,1988,21,Andrič,Ivo,Most na Drině,
1,11,471,,26,Andrzewski,Jerzy,Popol a diamant,
1,901,5836,1984,24,Anglade,Jean,"Nemusí pršet, jen když kape",
1,721,5257,1979,16,Anglade,Jean,Zapomenuté jablko,
1,694,5101,1976,26,Platon,,Antická próza- Píši ti příteli,
1,1155,7076,,32,Antonioni,Michelangelo,Kuželník v Tibetu,
1,435,,,27,Aragon,Louis,Aurelián,
1,513,513,1968,22,Aragon,Louis,Usmrcení,
1,478,,,29,Aragon,Louis,Velikonoční týden,
1,1147,7043,1991,34,Arbes,Jakub,Půlnoční povídky,
1,664,5005,1975,37,Ariosto,Ludovico ,Zuřivý Roland,
1,805,5481,,17,Artom,Guido,Zmizelí soudcové,
1,1171,7136,,16,Astaf'ev,Viktor Petrovič ,Smutný detektiv,
1,990,6089,1985,10,Azorín,,Pod Španělským sluncem,
1,1348,7584,1915,0,Babel,Isaac,Historie mého holubníku,
1,624,3911,1971,21,Babel,Isaac,Rudá jízda,Oděské povídky
1,978,6056,1985,25,Bagely,Desmond,Sněžný tygr,
1,703,5138,1977,40,Bahník,"Kuthan, Valeš",Svět Ezopských bajek,
1,831,5568,,19,Bachmannová,I.,V hlavní roli žena,
1,737,5294,,40,McBain,Ed,Třikrát Steve Carella a spol.,
1,760,5337,1980,17,Bainbidgeová,Beryl,Podnikový výlet,V prodlouženém čase
1,833,5570,,24,Bainbidgeová,Beryl,Podnikový výlet,V prodlouženém čase
1,881,5769,1983,34,Baissette,Gaston,Hrozny z mé vinice,
1,1004,6124,1985,18,Balkanov,Grigorij,Píď země,
1,644,3982,1972,20,Balzac,Honoré de,Bratranec Pons,
1,1028,6279,1986,22,Balzac,Honoré de,Evženie Grandetová,Otec Goriot
1,636,3973,1972,25,Balzac,Honoré de,Lesk a bída kurtizán,
1,968,6028,1985,0,Balzac,Honoré de,Otec Goriot,
1,1044,6334,1986,39,Balzac,Honoré de,Novely,
1,969,6029,1985,0,Balzac,Honoré de,Otec Goriot,
1,970,6030,1985,0,Balzac,Honoré de,Otec Goriot,
1,972,6032,1985,0,Balzac,Honoré de,Otec Goriot,
1,584,3816,1970,20,Balzac,Honoré de,Otec Goriot,
1,583,3815,1970,20,Balzac,Honoré de,Otec Goriot,
1,582,3814,1970,20,Balzac,Honoré de,Otec Goriot,
1,581,3813,1970,20,Balzac,Honoré de,Otec Goriot,
1,573,3792,1970,20,Balzac,Honoré de,Otec Goriot,
1,19,3448,,16,Balzac,Honoré de,Petřička,Červená hospoda
1,1029,6280,1986,33,Balzac,Honoré de,Sestřenice Bětka,Bratranec Pons
1,1329,7565,1915,0,Balzac,Honoré de,Výbor z díla I,
1,1330,7566,1915,0,Balzac,Honoré de,Výbor z díla II,
1,1043,6333,1986,41,Balzac,Honoré de,Ztracené iluze,
1,1287,7505,1910,0,Balzac,Honoré de,Ztracené iluze,
1,1299,7521,1912,0,Balzac,Honoré de,Bratranec Pons,
1,653,4079,1978,20,Barbey,Julius,Rytíř des Touches,
1,21,10,1951,8,Barbusse,Henri,Bílý teror,
1,23,74,1953,8,Barbusse,Henri,Bílý teror,
1,438,,,18,Barden,Juan,Hlavní třída,
1,1310,7546,1915,0,Baring,M.,Není úniku,
1,1023,6259,1986,26,Bataille,Michel,Děti osudu,
1,765,5358,,32,Baumová,Vicki,Zlaté střevíčky,
1,529,3630,1969,23,Beauvoir,Simone de,Paměti spořádané dívky,
1,500,,1968,12,Beauvoir,Simone de,Velice lehká smrt,
1,762,5339,,20,Becher,Ulrich,Krátce po čtvrté,
1,609,3869,1971,17,Beckett,Samuel,Murphy,
1,608,3868,1971,17,Beckett,Samuel,Murphy,
1,643,3981,1972,19,Bělov,Vasilij,Hořká chuť života,
1,792,5451,,25,Bengtsson,Frans,Zrzavý Orm: doma a znovu na lodi,
1,542,3695,,19,Bernanos,Georges,Deník venkovského faráře,
1,545,3698,,20,Berto,Giuseppe,Temné zlo,
1,813,5497,,17,Bevilacqua,Alberto,Stačí přejít most,
1,1011,6166,1986,14,Białoszewski,Miron,Památník z Varšavského povstání,
1,648,4001,,0,Bitov,Andrej,Pénelopé,
1,640,3977,1972,24,Bjornson,B.,Selské povídky,
1,1218,7288,,0,Blare,Michael,Tanec s vlky,
1,999,6112,1985,23,Blickensdörfer,H.,Sůl v kávě,
1,683,5052,1975,62,Boccacio,Giovanni,Dekameron,
1,1215,7284,,0,Boccacio,Giovanni,Obratnosti lásky,
1,789,5448,,13,Bolzano,Bernard,Vlastní životopis,
1,1094,6465,1988,22,Bondarev,Jurij,Hra,
1,606,3866,1971,16,Bondarev,Jurij,Příbuzní,
1,1094,6465,1988,22,Bondarev,Jurij,Hra,
1,771,5301,,18,Bonhoff,"Otto Bonhoff, Herbert Schaver",Tajemství masek,
1,870,5704,,22,Bourdens,Henri,Krutá plavba,
1,565,3772,,10,Bradbury,Ray,451°Fahrenheita,
1,546,3699,,17,Braine,John,Místa nahoře,
1,527,3628,1969,12,Braine,John,Život nahoře,
1,547,3700,,17,Braine,John,Místa nahoře,
1,512,,1968,18,Brecht,Bertolt,Zloděj třešní,
1,1009,6153,1986,24,Brink,A.,Dlouhé bílé sucho,
1,670,5019,1975,30,Brontëová,Anne,Dvojí život Heleny Grahamové,
1,33,9844,,10,Bucková ,Pearl S.,Rozdělený dům,
1,589,3833,1978,21,Bucková ,Pearl S.,Příběh jednoho manželství,
1,1220,7304,,0,Bulgakov,Michail,Novely a povídky,
1,1251,7364,,0,Bukowski,Charles,Těžký časy,
1,1195,7216,,32,Bulgakov,Michail,Život pana Moliéra,
1,1186,7177,1990,26,Bulgakov,Michail,Mistr a Markétka,
1,1196,7217,,32,Bulgakov,Michail,Život pana Moliéra,
1,1256,7380,1995,120,Bulgakov,Michail,Miniatury,
1,1166,7096,,48,Bulgakov,Michail,Bílá garda,
1,1153,7074,,16,Bulgakov,Michail,Psí srdce,
1,1197,7218,,22,Bunin,I.A.,Pohár života,
1,1150,7046,1989,23,Bykav,Vasil,Lom,
1,668,5017,1975,15,Byrol,R.E.,Sám a sám,
1,1158,7081,,17,Caldwell,Erskine,Tabáková cesta,
1,460,,,8,Caldwell,Erskine,Boží políčko,
1,503,,,17,Caldwell,Erskine,Tragický kus země,
1,883,5771,1983,24,Carlesová,Emilie,Polévka z divokých trav,
1,1281,7460,1999,0,Camus,Albert,Mor,
1,483,,,13,Camus,Albert,Cizinec ,Pád
1,1176,7157,1990,39,Capote,Truman,Chalodnokrevně,
1,550,3716,1970,17,Capote,Truman,Chalodnokrevně,
1,535,3671,1969,15,Capote,Truman,Snídaně u Tiffanyho,
1,1266,7422,,79,Carpenter,Humphrey,J.R.R.Tolkien životopis,
1,1179,7160,1990,14,Carpentier,Alejo,Barokní koncert – Harfa a stín,
1,776,5359,,49,Carr,John Dickson,Třikrát záhady starého Londýna,
1,520,3596,1969,39,Casanova,Giacomo,Historie mého života,
1,868,5694,,30,Clarke,Arthur C.,Zpráva o třetí planetě,
1,691,5087,1976,18,Colettová,Sidonie G.,Osení,
1,398,,,21,Connor,Edwin O’,Poslední Hurá,
1,893,5814,1984,30,Conrad,J.,Záchrana,
1,711,5239,1978,36,Cook,James,Cesta kolem světa,
1,592,836,1971,20,Coolen,Atoon,Hospoda U nesváru,
1,1253,7372,,26,Cooper,James Fenimore,Rudý pirát,
1,1217,7286,,0,Cornellius,Ryan,Nejdelší den,
1,754,5331,,0,Cousteau,Jacques-Yves,Delfíni,
1,902,5837,1984,14,Craven,Margaret,Slyšel jsem sovu zavolat své jméno,
1,1268,7425,,111,Crawfordová,Cora,Únik volné pokračování,
1,950,5964,1984,25,Crispin,E.,Labutí píseň,
1,825,5542,,32,Cristofanelli,Rolando,Deník Michelangela blázna,
1,528,3629,1969,19,Cronin,A. Y.,Citadela,
1,1248,7353,,0,Culloughová,Colleen Mc,Ptáci v trní,
1,661,4037,,61,Čechov,Anton Pavlovič,Tiché diagnózy,
1,1123,6552,1989,45,Čechov,Anton Pavlovič,Humoresky,
1,698,5109,,19,Čechov,Anton Pavlovič,Melancholický dekameron,
1,1305,7536,1915,0,Čechov,Anton Pavlovič,Melancholický dekameron,
1,780,5426,,40,Čechov,Anton Pavlovič,Hořké humoresky,
1,689,3928,1972,11,Čechov,Anton Pavlovič,Doktorské povídky,
1,1093,6471,1988,33,Čechov,Anton Pavlovič,Případy z praxe,
1,1116,6518,,29,Čechov,Anton Pavlovič,Povídky,
1,46,,,12,Čechov,Anton Pavlovič,Povídky II.,
1,47,264,1969,12,Čechov,Anton Pavlovič,Vykřičník,
1,1123,6558,1989,45,Čechov,Anton Pavlovič,Humoresky,
1,1277,7453,1998,0,Čechov,Anton Pavlovič,Celá Rus,
1,1280,7456,1998,0,Čechov,Anton Pavlovič,Můj život,
1,867,5693,1983,15,Dahl,Roald,Milostné rošády,
1,749,5326,,19,Dánielová,Anna,Irena chybí,
1,887,5792,1984,49,Danelsson,Bengt,Gaguin na Tahiti a Markézách,
1,944,5929,1984,37,Dauker,Henry,Lékaři,
1,422,,,14,Davidson,B.,Peřeje,
1,1264,7418,,162,Dawsonová,Suleika,Návrat Forsytů,
1,681,5046,1975,15,Day,C.,"Otec, hlava rodiny",
1,1019,6185,,24,Defoe,Daniel,Moll Flandersová,
1,1271,7428,,99,Dempster,Nigel,Za branami paláce,
1,1207,7259,,0,Desiato,Luca,Můj otec Galileo,
1,1072,6420,,13,Diavatov,"V. Diavatov, M. Milanov",Zloději ikon,
1,1319,7555,1915,0,Dickens,Charles,Americké poznámky,
1,1316,7552,1915,0,Dickens,Charles,Barnabáš Rudge,
1,553,3746,,23,Dickens,Charles,Deset italských novel,
1,1311,7547,1915,0,Dickens,Charles,Klub Pickwickův,
1,56,421,1957,0,Dickens,Charles,Mikuláš Nickleby,
1,878,5766,1983,56,Dickens,Charles,Kronika Pickwickova klubu I.,
1,879,5767,,56,Dickens,Charles,Kronika Pickwickova klubu,
1,1314,7550,1915,0,Dickens,Charles,Malá Dorritka I.,
1,1315,7551,1915,0,Dickens,Charles,Malá Dorritka II.,
1,552,3745,,45,Dickens,Charles,Malá Dorritka I. II.,
1,479,,,21,Dickens,Charles,Nadějné vyhlídky,
1,538,3864,1970,17,Dickens,Charles,Vánoční povídky,
1,1285,7503,1910,0,Dickens,Charles,Oliver Twist,
1,1302,7524,1912,0,Dickens,Charles,Nadějné vyhlídky,
1,748,5325,,24,Döblin,Alfred,Berlín – Alexandrovo náměstí,
1,1088,6466,1988,25,Doktorow,Edgar L.,Vítejte do zlých časů,
1,459,,,13,Dostojevskij,Fjodor M.,Bílé noci,
1,1346,7582,1915,0,Dostojevskij,Fjodor M.,Chudí lidé,
1,1119,6543,1989,45,Dostojevskij,Fjodor M.,Zločin a trest,
1,1121,6545,1989,45,Dostojevskij,Fjodor M.,Zločin a trest,
1,1120,6544,1989,45,Dostojevskij,Fjodor M.,Zločin a trest,
1,1092,6470,1988,45,Dostojevskij,Fjodor M.,Zločin a trest,
1,494,,,25,Dostojevskij,Fjodor M.,Zločin a trest,
1,662,4040,1973,17,Dostojevskij,Fjodor M.,Zápisky z mrtvého domu,
1,998,6111,1985,24,Dostojevskij,Fjodor M.,Věčný manžel,
1,962,6011,1985,25,Dostojevskij,Fjodor M.,Neobyčejné příběhy,
1,651,4063,1975,47,Dostojevskij,Fjodor M.,Idiot,
1,652,4005,,0,Dostojevskij,Fjodor M.,Bílé noci a jiné prózy,
1,396,,,34,Dostojevskij,Fjodor M.,Idiot,
1,1134,7002,1989,46,Doyle,Arthur Conan,Muž s dýkou a houslemi,
1,559,3766,,43,Dreiser,Thedore,Americká tragédie,
1,468,,,20,Dreiser,Thedore,Stoick,
1,417,,,27,Dreiser,Thedore,Finačník,
1,943,5928,1984,0,Dubov,Nikolaj,Rodinné štěstí,
1,1323,7559,1915,0,Dumas,Alexandre,Královna Margot,
1,1113,6515,,92,Dumas,Alexandre,Tři mušketýři II.,
1,1112,6514,,92,Dumas,Alexandre,Tři mušketýři I.,
1,675,5037,1975,89,Dumas,Alexandre,Hrabě Monte Christo,
1,1300,7522,1912,0,Dumas,Alexandre,Hrabě Monte Christo,
1,690,5075,1975,47,Dumas,Alexandre,Královna Margot,
1,706,5161,,29,Durrell,Gerald,Chytněte mi leguána,
1,852,,1982,22,Durrell,Gerald,Opilý prales,
1,1117,6519,,30,Durrell,Gerald,Ostrov v nebezpečí,
1,747,5307,,14,Durrell,Gerald,Šeptající země,
1,733,5293,1974,16,Durrell,Gerald,Zoo v kufru,
1,1021,6187,2000,36,Eco,Umberto,Jméno Růže,
1,753,5330,,42,Effel,Jean,Mezi námi zvířaty,
1,839,5571,,34,Ellison,Ralph,Neviditelný,
1,854,,1982,12,Engelmann,Bert,Hotel Bilderberg,
1,416,,,26,Erenburg,Ilia,Devátá vlna,
1,1041,6331,1986,34,Erenburg,Ilia,"Lidé, roky, život",
1,639,3976,1972,34,Erenburg,Ilia,Pád Paříže,
1,783,6590,1989,26,Erismann,Guy,Cesta francouzského šansonu,
1,611,3871,1971,19,Erskine,John,Soukromý život Heleny Trojské,
1,777,5418,,26,Erskine,John,Začátek cesty,
1,716,5246,1978,20,Ebner-Eschenbach,Marie von,Štědrý večer slečny Zuzanky,
1,1118,6538,1989,25,Exupéry,Antonie de Saint-,Noční let,
1,809,5493,,28,Exupéry,Antonie de Saint-,Malá Planeta,
1,1047,6347,1987,30,Fadějev,Alexandr,Mladá garda,
1,685,5063,1975,25,Tarchetti,Iginio Ugo,Fosca,
1,489,,,20,Faulkner,William,"Absolone, Absolone",
1,1008,6152,1986,27,Faulkner,William,Město,
1,391,3959,,19,Faulkner,William,Růže pro Emilii,
1,436,,,5,Faulkner,William,Mink,
1,1353,7589,1976,0,Fedin,Konstantin,Města a roky,
1,666,5014,1975,32,Fedin,Konstantin,První radosti,
1,1065,6393,,29,Massimo,Felisatti,Římské aféry 1,
1,111,,,15,Ferlinghetti,Lawrence,Smutná nahá jezdkyně,
1,1181,7172,1990,39,Féval,Paul,Hrbáč,
1,577,3796,1970,24,Feuchtwanger,Lion,Bláznova moudrost,
1,718,5254,1979,29,Feuchtwanger,Lion,Bratři Leutensackové,
1,520,3596,,19,Feuchtwanger,Lion,Desdemonin dům,
1,520,3595,1969,19,Feuchtwanger,Lion,Desdemonin dům,
1,1067,6400,1987,25,Feuchtwanger,Lion,Ďábel ve Francii,
1,807,5487,,36,Feuchtwanger,Lion,Goya,
1,490,,,22,Feuchtwanger,Lion,Goya,
1,533,3661,1969,29,Feuchtwanger,Lion,Goya,
1,802,5478,1981,36,Feuchtwanger,Lion,Goya,
1,506,,1968,36,Feuchtwanger,Lion,Lišky na vinici,
1,1320,7556,1964,0,Feuchtwanger,Lion,Oppermannové,
1,465,,,19,Feuchtwanger,Lion,Oppermannové,
1,464,,,19,Feuchtwanger,Lion,Oppermannové,
1,466,,,19,Feuchtwanger,Lion,Oppermannové,
1,456,,,10,Feuchtwanger,Lion,Ošklivá vévodkyně,
1,1258,7392,,10,Feuchtwanger,Lion,Ošklivá vévodkyně Markéta Pyskatá,
1,425,425,,20,Feuchtwanger,Lion,Synové,
1,623,3910,,24,Feuchtwanger,Lion,Šimona,
1,1321,7557,1957,0,Feuchtwanger,Lion,Vyhnanství,
1,426,,,21,Feuchtwanger,Lion,Zaslíbená země,
1,455,,,23,Feuchtwanger,Lion,Žid Süss,
1,424,,,20,Feuchtwanger,Lion,Židovská válka,
1,471,,,23,Feuchtwanger,Lion,Židovka z Toleda,
1,206,5994,1985,27,Ferlinghetti,Lawrence,"Čtu báseň, která nekončí",
1,861,5673,1983,32,Fitzgerald,Francis Scott,Takový pěkný pár,
1,995,6108,1985,22,Fitzgerald,Francis Scott,Příběhy pata Hobbyho,
1,622,3909,1971,21,Fitzgerald,Francis Scott,Na prahu ráje,
1,421,,,22,Flaubert,Gustave,Salambo,
1,531,3659,1969,21,Flaubert,Gustave,Paní Bovaryová,
1,530,3658,1969,19,Flaubert,Gustave,Paní Bovaryová,
1,475,,,26,Flaubert,Gustave,Citová výchova,
1,1304,7530,2008,199,Fontaine,Jean De La,Bajky,
1,1325,7561,1977,0,France,Anatole,Ostrov Tučňáků,
1,935,5920,1984,29,Francis,Dick,Hra na fanty,
1,973,6051,1985,25,Francis,Dick,Hra s čísly,
1,397,,,19,Flaubert  a další,Gustave,Deset francouzských novel,
1,437,,,16,Frank,Bruno,Cervantes,
1,657,40890,1975,24,Forster,Edward Morgan,Cesta do Indie,
1,490,5449,,29,Forsyth,Frederick,Den pro Šakala,
1,800,5476,,18,Fürnberg,Louis,Dovolená,
1,1208,,,,Galsworthy,John,"Sága rodu Forsytů I., II., III.",
1,93,471,,50,Galsworthy,John,Sága rodu Forsytů,
1,92,420,1957,50,Galsworthy,John,Moderní komedie,
1,1301,7523,1970,0,Galsworthy,John,Tmavý květ,
1,96,379,1952,10,Gamarra,Pierre,Šeříky na Saint-Lazare,
1,470,,,8,Gamarra,Pierre,Vrah dostal Goncourta,
1,1042,6332,1986,23,Gardner,Erle Stanley,Případ křičící ženy,
1,732,5292,1979,18,Gardner,Erle Stanley,Případ prázdné plechovky,
1,778,5424,,24,Gardner,Erle Stanley,Případ světélkujících prstů,
1,1173,7154,1990,20,Gary,Romain,Lady L.,
1,875,5816,1984,22,Degenhardt,Franz Josef,Zanedbání povinné péče,
1,100,,,16,Gercen,Alexandr Ivanovič,S druhého břehu,
1,99,,,16,Gercen,Alexandr Ivanovič,S druhého břehu,
1,855,,1982,28,Gilbert,Michael,Etruská poušť,
1,1040,6330,1986,26,Gilbert,Michael,Smrt má hluboké kořeny,
1,710,5238,1978,10,Ginzburg,Natalia,Milý Michale,
1,956,6005,1985,30,Giono,Jean,Husar na střeše,
1,1070,6418,,22,Giroud,Francoise,Úctyhodná žena,
1,399,,,91,Gladkov,Fjodor,Energie,
1,1007,6151,1986,25,Glückselig,Josef,Živý kontraband,
1,444,,,24,Gogol,Nikolaj Vasiljevič,Večery na samotě u Dikaňky,
1,658,4036,1973,24,Gogol,Nikolaj Vasiljevič,Taras Bulba,
1,657,4035,1973,24,Gogol,Nikolaj Vasiljevič,Taras Bulba,
1,103,544,,10,Gogol,Nikolaj Vasiljevič,Taras Bulba,
1,1036,6315,1986,15,Gogol,Nikolaj Vasiljevič,Taras Bulba,
1,656,4034,1973,24,Gogol,Nikolaj Vasiljevič,Taras Bulba,
1,1037,6316,1986,10,Gogol,Nikolaj Vasiljevič,Mrtvé duše,
1,776,5409,,20,Gomez - Arcos,Augustin,Anna jde na sever,
1,695,5105,,25,Goncourt,"Edmont, Jules",Germinie Lacerteuxová,
1,822,5539,,40,Gončarov,Ivan Alexandrovič,Strž,
1,174,6461,1988,0,Gorbačov,Michail,Přestavba a nové myšlení,
1,977,6055,1985,30,Gordonová,Barbora,"Tančím tak rychle, jak dokážu",
1,1035,6310,1986,26,Gary,Romain,Příslib úsvitu,
1,1063,6387,1987,0,Gorkij,Maxim,O neopětované lásce,
1,395,4050,,16,Gorkij,Maxim,Dětství,
1,113,263,1955,27,Gorkij,Maxim,Matka,
1,114,194,1950,27,Gorkij,Maxim,Matka,
1,821,5518,,25,Gloger,Gotthold,"Rytíř, smrt a ďábel",
1,997,6110,1985,28,Granin,Daniil,Letím do bouřky,
1,1170,7135,,24,Granin,Daniil,Zubr,
1,769,5372,,14,Grandpierre,Emil Kolozsvári,Ženy v drobném,
1,515,,1968,18,Greene,Graham,Komedianti,
1,514,,1968,18,Greene,Graham,Komedianti,
1,1190,7186,1991,26,Greene,Graham,Moc a sláva,
1,955,5990,1985,19,Greene,Graham,Kus života,
1,605,3865,1971,27,Greene,Graham,Brightonský špalek,Moc a sláva
1,1097,6172,1986,33,Greene,Graham,Jádro věcí,Konec dobrodružství
1,1312,7548,1973,0,Greene,Graham,Vlak do Istanbulu,Tajný kurýr
1,447,,,7,Gregor,Manfred,Most,
1,598,3842,1971,18,Griffith II.,Samuel,Bitva o Guadalcanal,
1,857,,1982,17,Grin,Alexandr,Jessie a Morgiana,
1,843,5581,,27,Grin,Alexandr,Příběh nesplněných snů,
1,1288,7506,1980,0,Grin,Alexandr,Nachové plachty,
1,385,266,,24,Grimmelshausen,Hans Jakob Christoffel,Dobrodružný Simplicius Simplicissimus,
1,649,4002,,,Grossman,Leonid,Zápisky sekundanta,
1,653,4031,,13,Grossman,Leonid,Sametový diktátor,
1,696,5106,,10,Grossmith,George,Deník pana Nuly,
1,614,3873,,28,Gulbranssen,Trygve,Vane vítr z hor II.,Není jiné cesty
1,1027,6278,1986,22,Queen,Ellery,Zločin z omylu,
1,1219,7289,,,Gulbraussen,Trygve,Věčně zpívající lesy,"Vane vítr z hor, Není jiné cesty"
1,937,5922,1984,45,Gulik,Robert,Třikrát život a skutky soudce Ti,
1,1132,7323,,,Hailey,Arthur,V nejvyšších sférách,
1,699,5134,1977,29,Hailey,Arthur,Konečná Diagnóza,
1,781,5427,,38,Hailey,Arthur,Kola,
1,701,5136,1977,13,Hailey,"John Castle, Arthur",Let do nebezpečí,
1,560,3767,,20,Hamsun,Knut,Matka Země,
1,1262,7412,,99,Hanstein,Otfried von,Kleopatra,
1,687,5071,1975,28,Hartog,Jan de,Nemocnice,
1,637,3987,,26,Harte ,Bret,Clarence,
1,688,5072,1975,27,Hart,B.,Gabriel Conrag,
1,892,5797,1987,22,Hartog,Jan de,Thalassa,
1,1265,7421,,299,Hastingsová,Selina,Ilustrovaná bible pro děti,
1,947,5161,1984,16,Heinlein,Robert,Dveře do léta,
1,774,5390,,35,Heinrich,Willi,Druhá garnitura boží,
1,872,5739,1983,32,Heller,Joseph,Gold za všechny peníze ,
1,744,5304,,20,Hemingway,Ernest,Mít a nemít,
1,1069,6417,,33,Hemingway,Ernest,Komu zvoní hrana,
1,1080,6446,,33,Hemingway,Ernest,Komu zvoní hrana,
1,1078,6444,,33,Hemingway,Ernest,Komu zvoní hrana,
1,1081,6447,,33,Hemingway,Ernest,Komu zvoní hrana,
1,1082,6448,,33,Hemingway,Ernest,Komu zvoní hrana,
1,1079,6445,,33,Hemingway,Ernest,Komu zvoní hrana,
1,1076,6442,,33,Hemingway,Ernest,Komu zvoní hrana,
1,1075,6441,,33,Hemingway,Ernest,Komu zvoní hrana,
1,1074,6440,,33,Hemingway,Ernest,Komu zvoní hrana,
1,1073,6439,,33,Hemingway,Ernest,Komu zvoní hrana,
1,1077,6443,,33,Hemingway,Ernest,Komu zvoní hrana,
1,452,,,25,Hemingway,Ernest,Komu zvonia do hrobu,
1,485,,,22,Hemingway,Ernest,Povídky,
1,712,5242,1978,22,Hemingway,Ernest,Povídky,
1,650,4059,1975,28,Hemingway,Ernest,Povídky,
1,830,5567,,41,Hemingway,Ernest,Smrt odpoledne,
1,1146,7036,,25,Henry,O.,Na jídelním lísku,
1,722,,,22,Hériat,Philippe,Čas na lásku,
1,717,5252,,26,Hériat,Philippe,Zlaté mříže,
1,841,5578,,38,Herriot,James,Když se zvěrolékař ožení,
1,806,5482,1986,20,Higuči ,Ičijó,Pět japonských novel,
1,865,5688,1983,30,Edmund,Hillary,Od oceánů k oblakům,
1,860,5697,,18,Hill ,"Norman Williams, Mavis",Půl penny,
1,614,3874,1971,11,Hilton,James,Ztracený obzor,
1,129,15948,,10,Hilton,James,Ztracený obzor,
1,1012,6167,1986,22,Hochhuth,Rolf,Láska v Německu,
1,1136,7012,,15,Hovsephjan,Ruben,Červec nopálový,
1,1333,7569,1977,0,Hugo,Viktor,Dělníci moře,
1,1050,6370,,0,Hugo,Viktor,Devadesát tři,
1,1055,6375,,0,Hugo,Viktor,Devadesát tři,
1,1056,6376,,0,Hugo,Viktor,Devadesát tři,
1,1058,6378,,0,Hugo,Viktor,Devadesát tři,
1,1059,6379,,0,Hugo,Viktor,Devadesát tři,
1,1052,6372,,0,Hugo,Viktor,Devadesát tři,
1,1053,6373,,0,Hugo,Viktor,Devadesát tři,
1,1057,6377,,0,Hugo,Viktor,Devadesát tři,
1,1049,6369,,0,Hugo,Viktor,Devadesát tři,
1,1054,6374,,0,Hugo,Viktor,Devadesát tři,
1,1051,6371,,0,Hugo,Viktor,Devadesát tři,
1,1326,7562,1978,0,Hugo,Viktor,Devadesát tři,
1,66796,5016,1975,57,Hugo,Viktor,Ubožáci,
1,1295,7515,1978,0,Hugo,Viktor,Chrám matky boží v Paříži,
1,1303,7525,1970,0,Hugo,Viktor,"Muž, který se směje",
1,593,3837,1971,30,Huxley,Aldous,Raněný slepotou,
1,135,9599,,8,Chamisso,Adalbert,Podivuhodný příběh Petra Schlemihla,
1,812,5496,,26,Chamisso,Adalbert,Podivuhodný příběh Petra Schlemihla,
1,693,5092,1976,35,Chaucer,Geofrey,Catenburské povídky,
1,1000,6120,1985,24,Chaucer,Geofrey,Catenburské povídky,
1,996,6109,1985,40,Chesterton,Gilbert Keith,Napoleon z Notting Hillu,
1,413,,,18,Chevallier,Gabriel,Zvonokosy,
1,1136,7337,,,Chevallier,Gabriel,Babylón,"Lázně, Zvonokosy"
1,1328,7564,1986,0,Chevrier,Pierre,Saint-Exupéry,
1,352,6396,,20,Chevrier,Pierre,Saint-Exupéry,
1,900,5835,1984,14,Cheyney,Peter,Bláznův gambit,
1,992,6091,1985,28,Christie,Agatha,Smrt na Nilu,
1,571,3789,1970,17,Christie,Agatha,Schůzka se smrtí,
1,772,5388,,27,Chorell,Walentin,Ze skořápky ven,
1,708,5163,1972,25,Innes,Michael,"Hamlete, pomsta!",
1,1180,7161,1990,37,Ivanov,Vsevolod,Zkouška zdravého rozumu,
1,884,5772,1983,17,Ives,John,Strach v hrsti prachu,
1,976,6054,1985,20,Jaeger,Henry,Jasnovidcem proti své vůli,
1,1129,7320,,,Jakes,John,Sever a Jih,
1,1134,7333,,,Jakes,John,Láska a válka,
1,1130,7321,,,Jakes,John,Sever a Jih,
1,486,,,14,Jakobs,Karl - Heinz,Příběh jednoho léta,
1,864,5683,1983,21,Jamesová,Phyllis,Smrt kriminalisty,
1,671,5023,,16,Jerome,Jerome Klapka,Tři muži ve člunu,
1,1086,6462,1988,17,Jesin,Sergej,Imitátor,
1,905,5840,1984,49,Joenpeltová,Eeva,Vichr nezastavíš,
1,768,5371,,,Joho,Wolfgang,Dívka zvaná Kaštánek,
1,707,5162,,36,Johnson,Eyvind,Za časů jeho milosti,
1,1185,7176,1990,22,Joyce,James,Dubliňané,
1,537,3673,1969,20,Kafka,Franz,Zámek,
1,1226,7317,,,Kafka,Franz,Proces,
1,1199,7238,,32,Kafka,Franz,Nezvěstný,
1,192,8353,,10,Katajev,Valentin,Syn pluku,
1,798,5474,,21,Karczewská,Wanda,Fuga na milostné téma,
1,678,5000,1975,20,Karinthy,Ferenc,Vzkaz v láhvi,
1,819,5516,1981,22,Kartooms,Toon,Doktor to zařídí,
1,634,3967,1972,14,Kazakov,Jurij,Severský deník,
1,662,5001,1975,,Kazakevič,Emmanuil,Hvězda,
1,419,,,19,Kazakevič,Emmanuil,Jaro na Odře,
1,195,310,,24,Keller,Gottfried,Zelený Jindřich,
1,534,3662,1969,31,Keller,Gottfried,Zelený Jindřich,
1,194,8151,,22,Keller,Gottfried,Lidé seldwylští,
1,818,5503,,46,Keller,Gottfried,Romeo a Julie na vsi,
1,461,,,21,Kellermann,Bernkard,Tanec mrtvých,
1,1263,7416,,22,Kent,Graeme,Ezopské Bajky,
1,1263,7416,,98,Kent,Graeme,Ezopské Bajky,
1,964,6013,1985,17,Kerouac,Jack,Mag,
1,1787,5440,,30,Kerouac,Jack,Na cestě,
1,1141,7342,,,Kerouac,Jack,Podzimníci,
1,1244,7348,,,Kerouac,Jack,Dharmoví tuláci,
1,1245,7349,,,Kerouac,Jack,Podzimníci,
1,810,5494,,26,Kesey,Ken,Vyhoďme ho z kola ven,
1,1283,7501,2006,0,Kesey,Ken,Vyhoďme ho z kola ven,
1,738,5298,,26,Kihlman,Christer,Drahý princi,
1,786,5432,,35,Killens,John Olivier,A potom jsme uslyšeli hřmění,
1,686,5069,1975,27,Kingová,Corretta Scott,Můj život s Martinem Lutherem Kingem,
1,1002,6122,1985,20,Kleist,Heinrich von,Markýza z O…,
1,786,5432,,40,Kleist,Heinrich von,Záhady nesmrtelný,
1,607,3867,1970,24,Knight,Eric,Lassie se vrací,
1,518,3592,1969,20,Knittel,John,El Hakim,
1,858,5663,1982,33,Knebel ,"Charles Waldo Bailey, Fletcher",Sedm dní v Bílém domě,
1,1127,6568,1983,17,Kocjubynskyj,Mychajlo,Stíny zapomenutých předků,
1,917,5642,,,Kolektiv autorů,,Barvy všechny,
1,891,5796,1984,48,Kolektiv autorů,,Experiment člověk,
1,902,5453,,32,Kolektiv básníků,,,
1,771,5387,,23,Konkolski,Richard,Sólo přes Atnantik,
1,1261,7411,,121,Kosinkski,Jerzy,Nabarvené ptáče,
1,775,5395,,35,Kosidowski,Zenon,Příběhy Mrtvého moře,
1,1261,7411,1995,121,Kosinkski,Jerzy,Nabarvené ptáče,
1,204,311,,12,Kosmoděmjanská,Ljubor,Příběh o Zoje a Šurovi,
1,679,5043,1975,,Kandel,Aben,Město se vzdává,
1,1257,7385,,126,Král,Oldřich,Kniha mlčení - texty staré Číny,
1,1350,7586,1978,0,Krelin,Julij,Chirurg,
1,1005,6125,1985,28,Krylov,Ivan,Pod maskou lenosti aneb Bajky i nebajky,
1,808,5492,,19,Zanussi,Krzysztof,Struktura krystalu,
1,1026,6277,1986,22,Krelin,Julij,Žena pod skalpelem,
1,823,5540,,15,Kuranov,Jurij,Peřeje,
1,1138,7339,,,Küssová,"Jean Torton, Daniele",Amazonie - Mýty a legendy,
1,899,5834,1984,28,Laburine,Jean,Šerif,
1,886,5791,1984,39,Ladinskij,Antonín Petrovič,Poslední cesta Vladimíra Monomacha,
1,145,393,1952,10,Laffitte,Jean,Růže Francie,
1,141,443,,14,Laffitte,Jean,Vrátíme se pro květiny,
1,836,5573,,18,Lagorio,Gina,Vlčí pláž,
1,1178,7159,1990,19,Lampedusa,Giuseppe Tomasi,Ligeia a jiné prózy,
1,458,,,13,Lanfusová,Anna,Zavazadla s pískem,
1,1307,7538,1985,0,Lanoux,Armand,Miláček Maupassant,
1,487,,1966,17,Lanoux,Armand,Když nastává odliv,
1,1010,6154,1986,28,Lanoux,Armand,Pastýř včel,
1,940,5925,1984,24,Laxness,Halldór,Znovuzrozený ráj,
1,954,5989,1985,16,Lathen,Emma,Kuře k večeři,
1,1172,7144,,27,Lawrence,David Herbert,Milenec lady Chatterleyové,
1,451,,,5,Leacock,Stephen,Literární poklesky,
1,1030,6281,1986,33,Leacock,Stephen,Literární poklesky,
1,450,,,5,Lem,Stanislav,Vzpomínka Ijona Tichého,
1,859,5671,1983,24,Levin,Ira,Rosemary má děťátko,
1,961,6010,1985,36,Lenz,Siegfried,Vlastivědné muzeum,
1,1165,7092,,29,Lenz,Siegfried,Cvičiště,
1,406,,,17,Leonov,Leonid,Ruský les,
1,729,5283,1979,27,Leonov,Leonid,Jezevci,
1,1137,7013,,46,Leonov,Leonid,Ruský les,
1,975,6053,1985,21,Leskov,Nikolaj,Vášnivá srdce,
1,620,3907,1971,31,Llewellyn,Richard,Bolo ra zelené údolie,
1,1289,7507,1963,0,Lewis,Sinclair,Arrowsmith,
1,951,5905,1984,34,Lewis,Sinclair,Hlavní třída,
1,702,5137,1977,36,Lewis,Sinclair,Elmer Gantry,
1,835,5572,,27,Lewis,Norman,Odborník ze Sicílie,
1,796,5472,,19,Lodge,David,Hostující profesoři,
1,1131,7322,,,Lom,Herbert,Dr. Guillotin,
1,522,3616,1969,15,London,Jack,Volání divočiny,
1,938,5923,1984,38,London,Jack,Tulák pohvězdách,
1,1148,7044,,53,London,Jack,Mořský vlk a jiné příběhy z moře,
1,1334,7570,1989,0,London,Jack,Mořský vlk a jiné příběhy z moře,
1,1126,6567,1989,53,London,Jack,Martin Eden,
1,1332,7568,1987,0,London,Jack,Martin Eden,
1,557,3764,,13,London,Jack,Bílý den,
1,1128,6577,1989,60,London,Jack,Mezi zlatokopy,
1,1284,7502,2006,0,London,Jack,Martin Eden,
1,617,3879,,50,Loon,Hendrik,Rembrandt,
1,1048,6348,1987,30,Lopalewski,Tadeusz,Fryderyk Chopin,
1,164,5049,1976,15,Lorca,Federico García,Tak som ťa videl,
1,663,5002,1975,16,Lozgačev,Georgij,Nezapomenutelné okamžiky,
1,846,5595,,14,Loriot,Noelle,"Nejcennější, co mám",
1,946,5391,1984,35,Maas,Peter,Serpico,
1,742,,,28,MacDonaldová,Betty,Vejce a já,
1,763,5340,1980,37,Morozov,Sergej,Život J. S. Bacha,
1,1192,7213,,35,Mailer,Norman,Americký sen,
1,1033,6287,1986,43,Mailer,Norman,Nazí a mrtví,
1,708,5226,,15,Mauriac,Francois,Beránek,
1,724,,,27,Majakovskij,Vladimír,Slovo o pluku Majakovského,
1,654,,,18,Makanin,Vladimír,Přímka,
1,523,,,17,Malamud,Bernard,Smolař,
1,1016,6171,1986,24,Malamud,Bernard,Správkař,
1,638,,,19,Malamud,Bernard,Příručí,
1,801,5477,,25,Malaparte,Curzio,Kůže,
1,587,,,20,Mallet - Joris,Francoice,První láska Ludvíka XIV.,
1,1354,7615,1958,0,Mann,Heinrich,Profesor Neřád,
1,939,5924,1984,24,Mann,Klaus,Mefistio,
1,60,6382,1987,34,Mann,Thomas,Doktor Faustus,
1,1286,7504,1955,0,Mann,Thomas,Buddenbrookovi,
1,767,5370,,39,Mann,Thomas,Buddenbrookovi,
1,618,,,31,Mann,Thomas,Buddenbrookovi,
1,862,5674,1983,27,Mann,Thomas,Lotta ve Výmaru,
1,171,340,1952,36,Mansfield,Katherine,Zahradní slavnost,
1,1022,6188,,52,Manzoni,Alessandro,Snoubenci,
1,172,752,,28,Manzoni,Alessandro,Snoubenci,
1,885,5773,1983,14,Morrison,Toni,Nejmodřejší oči,
1,788,5447,,25,Markov,Georgij,Země Ivana Jegoryče,
1,1099,6490,1988,33,Marshová,Ngaio,Poslední opona,
1,932,5917,1984,45,Mason,Perry,Třikrát v roli obhájce,
1,1306,7537,,0,Maupassant,Guy,Mont - Oriol,
1,242,5579,,24,Maurais,Anne,Život sira Alexandra Fleminga,
1,866,5691,,16,Maurier,Daphne,Hospoda Jamajka,
1,1267,7423,,109,Maurier,Daphne,Únik,
1,1214,7282,,,Maurier,Daphne,Mrtvá a živá,
1,586,,,21,Maurier,Daphne,Přízračný svět Branwella Brontea,
1,860,5672,1983,15,Maurais,André,Zářijová růže,
1,713,,,22,Maurais,André,Sólo pro klavír,
1,499,,,21,Maupassant,Guy de,Yvetta a jiné povídky,
1,761,5338,1980,14,Moustiers,Pierre,Pevnůstka naděje,
1,1194,7215,,17,Mendel,Miloš,Tucet tváří Nasreddinových,
1,889,5794,1984,26,Mendoza,Eduardo,Pravda o případu Savolta,
1,728,,,30,Menzel,Gerhard W. Menzel,Moliere a jeho komedianti,
1,1163,4090,,35,Merle,Robert,Mé dobré město Paříž,
1,1161,4088,1990,24,Merle,Robert,Dědictví otců,
1,1162,7089,1990,33,Merle,Robert,V rozpuku mládí,
1,1204,7254,,,Merle,Robert,Vladař na scéně,
1,588,3832,1970,20,Meyrink,Gustav,Golem,
1,659,4092,1975,44,Michelet,Jules,Rekové a rebelové sladké Francie,
1,1200,7239,,95,Mitchellová,Margaret,Jih proti Severu 1,
1,1031,6282,1986,18,Molsner,Michael,Stín lotosového květu,
1,1292,7510,1966,0,Moravia,Alberto,Římanka,
1,562,3769,1970,38,Moravia,Alberto,Věci jsou věci,
1,1269,7426,,89,Morganová,Marlo,Poselství od protinožců,
1,631,3953,1970,20,Móricz,Zsigmond,Barbaři a jiné povídky,
1,682,5049,1975,48,Morier,James,Hadži Baba z Isfahánu,
1,785,5431,,25,Moore,Brian,Zmrzlinový císař,
1,731,,,12,Monodová,Martina,Mračno,
1,897,5820,1984,27,Mowat,Farley,Ani pták nezazpíval,
1,726,5278,,17,Muhammadijev,Fazliddín,Pouť na onen svět,
1,630,3952,1970,17,Murdochová,Iris,Hrad z písku,
1,953,5918,1985,50,Mure,Pierre La,Moulin Rouge,
1,412,,,13,Musset,Alfred de,Zpověď dítěte svého věku,
1,783,5429,,18,Mutafčieva,Vera,Pasiáns pro dva,
1,820,5517,,18,Nagibin,Jurij,Čarodějný les,
1,745,5305,,22,Namora,Fernando,Muž s maskou,
1,882,5770,1983,17,Nalkowska,Zofia,Hadi a růže,
1,1003,6123,1985,23,Narayan,R. K.,Průvodce,
1,896,5817,1984,22,Narcejac,"Pierre Boileau, Thomas",Spravedlnost Arséna Lupina,
1,863,5675,1983,37,Boileau,Pierre,Třikrát hlavní viník náhoda,
1,1091,6383,1987,23,Neil,J. Mc,Poradce,
1,121,6571,1989,13,Neill,Eugene O',Cesta dlouhým dnem do noci,
1,635,3968,,11,Nekrasov,Viktor,Kira Georgievna,
1,641,3978,,27,Néméth,László,Hrůza,
1,952,5965,1984,27,Néméth,László,Hřích,
1,692,1088,1991,31,Nexo,Martin Andersen,"Ditta, dcera člověka",
1,429,,,20,Nexo,Martin Andersen,"Ditta, dcera člověka",
1,1260,7410,,140,Norfolk,Lawrence,Lemprierův slovník,
1,418,,,26,Novely,,Deset německých novel,
1,1293,7511,1937,0,Novikov,Ivan,Puškin na vsi Michajlovské,
1,1184,7175,1990,21,Enquist,Per Olov,Strindberg - život,
1,239,7055,1989,22,Kolektiv autorů,,Atlanti drží nebe,
1,957,6006,1985,23,Orlov,Vladimír,Nikolský příběh,
1,1206,7254,,,Orwell,George,,
1,856,,1982,39,Pagnol,Marcel,Jak voní tymián,
1,904,5839,1984,37,Pargeterová,Edith,Zelená ratolest,
1,476,,,17,Pasolini,Pier Paolo,Zběsilý život,
1,1347,7583,1990,0,Pasternak,Boris,Doktor Živago,
1,1198,7233,,58,Pasternak,Boris,Doktor Živago,
1,647,3994,1970,34,Paustovskij,Konstantin,Román o životě,
1,645,,,17,Paustovskij,Konstantin,Růže i sníh,
1,540,3686,1970,34,Perruchot,Henri,Život Vincenta van Gogha,
1,420,,,17,Petershagen,Rudolf,Vzpoura svědomí,
1,576,3795,1970,15,Petronius,Gaius Titus,Satirikon,
1,1014,6169,1986,14,Plenzdorf,Ulrich,Legenda o štěstí bez konce,
1,566,3773,,22,Poe,Edgar Allan,Předčasný pohřeb,
1,548,3714,,13,Poe,Edgar Allan,Vraždy v ulici Morgue,
1,393,4059,,23,Poe,Edgar Allan,Příběhy Artura Gordona Pyma,
1,1111,6507,1988,0,Poe,Edgar Allan,Černý kocour,
1,1107,6503,1988,0,Poe,Edgar Allan,Černý kocour,
1,1109,6505,1988,0,Poe,Edgar Allan,Černý kocour,
1,1102,6498,1988,0,Poe,Edgar Allan,Černý kocour,
1,1105,6501,1988,0,Poe,Edgar Allan,Černý kocour,
1,1103,6499,1988,0,Poe,Edgar Allan,Černý kocour,
1,1101,6497,1988,0,Poe,Edgar Allan,Černý kocour,
1,1104,6500,1988,0,Poe,Edgar Allan,Černý kocour,
1,1106,6502,1988,0,Poe,Edgar Allan,Černý kocour,
1,1108,6504,1988,0,Poe,Edgar Allan,Černý kocour,
1,1109,6505,1988,0,Poe,Edgar Allan,Černý kocour,
1,1110,6506,1988,0,Poe,Edgar Allan,Černý kocour,
1,1297,7519,1959,0,Poe,Edgar Allan,Zlatý scarabus a jiné povídky,
1,1298,7520,1975,0,Poe,Edgar Allan,Jáma a kyvadlo a jiné povídky,
1,569,3787,,22,Polevoj,Boris,Doktorka Věra,
1,234,256,1951,10,Polevoj,Boris,Příběh opravdového člověka,
1,235,261,1951,10,Polevoj,Boris,Příběh opravdového člověka,
1,233,257,1951,10,Polevoj,Boris,Příběh opravdového člověka,
1,844,5593,,25,Poplawska,Halina,Kord na vějíři,
1,898,5821,1984,35,Priestley,John Boynton,Dobří kamarádi,
1,570,3788,1970,22,Priestley,John Boynton,Doktor Salt opouští město,
1,669,5018,1975,25,Prichardová,Katherine Susannah,"Sharn, má naděje a láska",
1,966,6015,1985,33,Prisco,Michele,Cár mlhy,
1,894,5815,1984,35,Prisco,Michele,Dědicové větru,
1,242,7153,,9,Puškin,Alexandr Sergejevič,Kořen života,
1,1149,7045,1989,42,Proust,Marcel,Hledání ztraceného času VI,
1,241,247,,16,Prus,Boleslav,Povídky,
1,642,3979,,45,Prus,Boleslav,Faraon,
1,1045,6335,1986,11,Plenzdorf,Ulrich,Nová utrpení mladého W,
1,220,6386,,,Puškin,Alexandr Sergejevič,Boldinské podzimy,
1,482,224,1950,19,Puškin,Alexandr Sergejevič,Kapitánská dcerka,
1,1038,6317,1986,18,Puškin,Alexandr Sergejevič,Piková dáma,Kapitánská dcerka
1,1152,7053,1989,35,Puškin,Alexandr Sergejevič,Milostná dueta,
1,1276,7452,1998,0,Puškin,Alexandr Sergejevič,Povídky Bělkinovy,
1,1137,7338,,,Quesne,Alain,Egypt - Mýty a legendy,
1,252,107,1953,,Radisčev,Alexandr Nikolajevič,Próza,
1,1255,7378,,100,Ragache,Gilles,Evropa - Mýty a legendy,
1,933,5918,1984,27,Rasputin,Valentin,Poslední lhůta,Žij a nezapomínej | Loučení
1,1154,7078,,12,Rasputin,Valentin,Požár,
1,457,,,12,Remarque,Erich Maria,Na západní frontě klid,
1,480,,,18,Remarque,Erich Maria,Tři kamarádi,
1,1247,7352,,,Remarque,Erich Maria,Stíny v ráji,
1,594,3838,1971,24,Remarque,Erich Maria,Tři kamarádi,
1,602,3862,1971,30,Remarque,Erich Maria,Vítězný oblouk,
1,719,5255,1979,30,Remarque,Erich Maria,Vítězný oblouk,
1,526,3627,1969,17,Remarque,Erich Maria,Nebe nezná vyvolených,
1,498,,1968,15,Remarque,Erich Maria,Na západní frontě klid,
1,1142,7024,,22,Remarque,Erich Maria,Jiskra života,
1,603,3863,1971,30,Remarque,Erich Maria,Vítězný oblouk,
1,1140,7022,,29,Remarque,Erich Maria,Jiskra života,
1,1006,6150,1986,21,Remarque,Erich Maria,"Čas žít, čas umírat",
1,674,5034,1934,11,Reymont,Wladislaw Stanislaw,Lili,
1,815,5499,,34,Reymont,Wladislaw Stanislaw,Zaslíbená země,
1,949,5963,1984,34,Reymont,Wladislaw Stanislaw,Zaslíbená země,
1,942,5927,1984,27,Rigby,Ray,Pahorek z písku,
1,502,,1968,14,Rilke,Rainer Maria,Zápisky Malta Lauridse Brigga,
1,725,5279,1979,19,Riffaudová,Madeleine,U nás na klinice,
1,1133,7332,,,Ripleyová,Alexandra,Charleston,
1,1223,7308,,,Ripleyová,Alexandra,Scarlett 2,
1,1216,7285,,,Ripleyová,Alexandra,Scarlett 1,
1,247,7241,,39,Rilke,Rainer Maria,… a na ochozech smrt jsi viděl stát,
1,848,5597,,18,Rivoyre,Christine de,Strýček světák,
1,934,5919,1984,15,Roald,Daul,Milostné rošády,
1,963,6012,1985,25,Roblés,Emmanuel,Benátky v zimě,
1,730,5290,1979,20,Roblés,Emmanuel,Doktor Valerio,
1,572,3790,,12,Rolland,Romain,Dobrý člověk ještě žije,
1,632,3954,,225,Rolland,Romain,Dobrý člověk ještě žije,
1,1324,7560,1951,0,Rolland,Romain,Dobrý člověk ještě žije,
1,491,,,126,Rolland,Romain,"Jan Kryštof I, II",
1,1656,4084,1975,66,Rolland,Romain,Okouzlená duše,
1,649,4048,1974,66,Rolland,Romain,Okouzlená duše I, 
1,264,218,1950,12,Rolland,Romain,Okouzlená duše II,
1,262,220,1950,12,Rolland,Romain,Okouzlená duše IV,
1,930,5887,1984,0,Rolland,Romain,Petr a Lucie,
1,931,5888,1984,0,Rolland,Romain,Petr a Lucie,
1,929,5886,1984,0,Rolland,Romain,Petr a Lucie,
1,927,5884,1984,0,Rolland,Romain,Petr a Lucie,
1,926,5883,1984,0,Rolland,Romain,Petr a Lucie,
1,408,,,,Rolland,Romain,Petr a Lucie,
1,928,5885,1984,0,Rolland,Romain,Petr a Lucie,
1,1294,7512,1976,0,Rolleczková,Natalia,Má drahá rodinka a já,
1,795,5471,,15,Rolleczková,Natalia,Kouzelné prázdniny,
1,1032,6283,1986,28,Rouxová,Edmonde Charles,Zapomenout na Palermo,
1,556,3749,,16,Ross,Leonard Q.,Pan Kaplan má třídu rád,
1,840,5577,,36,Roy,Jules,Sluneční koně,
1,1013,6168,1986,10,Rubiao,Marilo,Dům U červené slunečnice,
1,1189,7184,1991,42,Rybako,Anatolij Naumovič,Děti Arbatu,
1,1191,7185,1991,42,Rybako,Anatolij Naumovič,Děti Arbatu,
1,936,5921,1984,40,Styron,William,Sophiina volba,
1,1157,7080,,35,Swift,Jonathan,Gulliverovy cesty,
1,1270,7427,,70,Swift,Graham,Země vod,
1,1259,7393,,10,Steinberg,Werner,Den je zamilovaný do noci,
1,1130,6582,1989,55,Stendhal,Henry Beyle,Lucien Leuwen,
1,697,5108,1992,30,Stendhal,Henry Beyle,Deník,
1,654,4084,,28,Stendhal,Henry Beyle,Červený a černý,
1,1554,198,1952,20,Stendhal,Henry Beyle,Výbor z díla,
1,654,4081,1975,28,Stendhal,Henry Beyle,Červený a černý,
1,301,199,1952,75,Stendhal,Henry Beyle,"Výbor z díla I, II, III",
1,302,480,,50,Stendhal,Henry Beyle,"Výbor z díla II, III",
1,301,197,1952,50,Stendhal,Henry Beyle,"Výbor z díla I, III",
1,714,5244,1978,32,Stifter,Aldalbert,Horský křišťál,
1,1001,6121,1985,50,Stone,Irving,Žízeň po životě,
1,517,3590,1969,33,Steinbeck,John,Hrozny hněvu,
1,1085,6466,1988,33,Steinbeck,John,Hrozny hněvu,
1,1227,7318,,,Steinbeck,John,Na východ od ráje,
1,516,,1968,34,Steinbeck,John,Na východ od ráje,
1,532,3660,1969,12,Steinbeck,John,Nebeské pastviny,
1,764,5357,,26,Steinbeck,John,Pláň Tortilla,Na plechárně
1,488,,,15,Steinbeck,John,Toulavý autobus,
1,1309,7545,1948,0,Steinbeck,John,Toulavý autobus,
1,410,,,15,Steinbeck,John,Pláň Tortilla,
1,1351,7587,1964,,Solženicyn,Alexandr,Ve vyšším zájmu,
1,1278,7454,1998,0,Solženicyn,Alexandr,Ve vyšším zájmu,
1,752,5329,,25,Soubiran,Anré,Žena v bílém plášti,
1,415,,,17,Starořecké báje,,Starořecké báje,
1,1095,6467,1988,22,Steinbeck,John,Hrozny hněvu,
1,439,,,18,Snow,Charles Percy,Profesoři,
1,791,5450,,12,Solouchin,Vladimír,Překrásná hora Adygene,
1,1205,7255,,,Solženicyn,Alexandr,Jeden den Ivana Denisoviče,
1,1317,7553,1962,0,Sinclair,Upton,Džungle,
1,1318,7554,1979,0,Sissonová,Rosemary Anne,Stratfordská romance,
1,549,3715,,36,Sinclair,Upton,Boston,
1,655,4082,1975,28,Sinclair,Upton,Džungle,
1,505,,1968,21,Sinclair,Upton,Džungle,
1,648,4045,,28,Sinclair,Upton,Džungle,
1,1066,6394,,42,Simenon,Georges,Dva plus pět,
1,1222,7307,,,Simmel,Johannes Mario,A s klany přišly slzy,
1,1020,6186,,22,Simon,Claude,Příběh,
1,563,3770,,22,Simonov,Konstantin,Živí a mrtví,
1,564,3771,1970,27,Simonov,Konstantin,Člověk se nerodí pro válku,
1,493,,,,Sinclair,Lewis,Babbit,
1,504,,1968,19,Sinclair,Lewis,Krev královská,
1,543,3696,,35,Sienkiewicz,Henryk,Quo vadis,
1,616,3877,,12,Simenon,Georges,Nelítostný Maigret,
1,759,5336,,17,Simenon,Georges,Maigretova dýmka,Maigret má strach
1,991,6090,1985,20,Simenon,Georges,Maigret se vrací,
1,1135,7007,1968,21,Sienkiewicz,Henryk,Na poli slávy,
1,1327,7563,1957,0,Sienkiewicz,Henryk,Potopa,
1,1135,7007,,21,Sienkiewicz,Henryk,Na poli slávy,
1,277,,,16,Seghersová,Anna,Mrtví nestárnou,
1,428,,,16,Seghersová,Anna,Sedmý kříž,
1,845,5594,,45,Selinko,Annemarie,Desirée,
1,1660,4092,1975,25,Semjonov,Georgij,Milující ženy,
1,1331,7567,1901,0,Sienkiewicz,Henryk,Dvě cesty,
1,1322,7558,1955,0,Sienkiewicz,Henryk,Křižáci,
1,1039,6329,1986,23,Savčenko,Vladimir,Objev sama sebe,
1,793,5452,,59,Schuderová,Rosemarie,Syn čarodějnice,V ďáblově mlýně
1,739,5299,,36,Scortia,"Frank M. Robinson, Thomas N.",Prométheus v plamenech,
1,804,5480,,30,Scortia,"Frank M. Robinson, Thomas N.",Skleněné peklo,
1,888,5793,,30,Scortia,"Frank M. Robinson, Thomas N.",Skleněné peklo,
1,1160,7087,,43,Scott,Walter,Ivanhoe,
1,440,,,11,Seghersová,Anna,Světlo na šibenici,
1,477,,,8,Sartre,Jean-Paul,Zeď,
1,817,5501,,25,Saroyan,William,Léto na krásném bílém koni,
1,307,73,1958,13,Saroyan,William,Odvážný mladý muž na létající hrazdě,
1,1018,6184,1986,21,Sanin,Vladimír,Zajatci ledových plání,
1,925,5679,1983,15,Sandburg,Carl,Chicago,
1,850,5599,,17,Saul,John Ralston,Dravci,
1,1203,7250,,27,Sandová,George,Consuela,
1,1122,6551,1989,42,Sandová,George,Consuela,
1,826,5543,,13,Samarakis,Antonis,Omyl,
1,1183,7174,1990,35,Syltykov,Ščedrin,Historie města Hloupětína,
1,511,,1968,23,Salinger,Jerome David,Kdo chytá v žitě,
1,755,5332,,19,Salinger,Jerome David,Kdo chytá v žitě,
1,751,5328,,19,Salinger,Jerome David,Kdo chytá v žitě,
1,756,5333,,19,Salinger,Jerome David,Kdo chytá v žitě,
1,757,5334,,19,Salinger,Jerome David,Kdo chytá v žitě,
1,758,5335,,19,Salinger,Jerome David,Kdo chytá v žitě,
1,1252,7366,,,Salinger,Jerome David,Devět povídek,
1,1090,6468,1988,16,Salinger,Jerome David,Franny a Zooey,
1,1091,6469,,16,Salinger,Jerome David,"Vzhůru, tesaři, do výše střechu zvedněte!",
1,1308,7539,,0,Salinger,Jerome David,"Vzhůru, tesaři, do výše střechu zvedněte! Seymour: úvod",
1,1156,7077,,28,Saki,,Léčba neklidem,
1,735,5295,,23,Sadoveanu,Ion Marin,Konec století v Bukurešti,
1,1064,6392,,18,Sjöwallová,"Per Wahlöö, Maj","Muž, který se vypařil",
1,838,5575,,19,Sjöwallová,"Per Wahlöö, Maj",Zmizelé hasičské auto,
1,574,3793,1975,28,Smithová,Betty,V Brooklynu roste strom,
1,1965,7483,2005,139,Šabach,Petr,Hovno hoří,
1,1966,7484,2003,149,Šabach,Petr,Opilé banány,
1,797,5473,,24,Šaginjanská,Marietta Sergejevna,Zapomenutá historie,
1,1349,7585,1963,0,Šejnin,Lev Romanovič,Zápisky krimilistovy,
1,1202,7211,,18,Šiktanc,Karel,Český orloj,
1,975,5843,,10,Šimon,Josef,Ať člověk…,
1,646,3993,1970,21,Šklovskij,Viktor Borisovič,Vzpomínky na vzpomínky,
1,472,,,59,Šolochov,Michail Alexandrovič,Tichý Don,
1,365,263,1949,16,Šolochov,Michail Alexandrovič,Rozrušená země,
1,414,,,16,Šolochov,Michail Alexandrovič,Rozrušená země,
1,958,6007,1985,28,Šolochov,Michail Alexandrovič,Osud člověka,
1,959,6008,1985,28,Šolochov,Michail Alexandrovič,Osud člověka,
1,960,6009,1985,28,Šolochov,Michail Alexandrovič,Osud člověka,
1,1199,7196,,23,Šrut,Pavel,Písňové texty,
1,1097,6469,1988,22,Štemler,Ilja,Obchodní dům,
1,720,5256,1979,14,Šukšin,Vasilij Makarovič,Znám jednoho chlapíka,
1,727,5282,1979,19,Šukšin,Vasilij Makarovič,Charaktery a lásky,
1,816,5500,,27,Šukšin,Vasilij Makarovič,Postskriptum,
1,1071,6419,,25,Šukšin,Vasilij Makarovič,Červená kalina a jiné povídky,
1,673,5029,1979,32,Tacitus,Publius Cornelius,Letopisy,
1,1313,7549,1994,,Tanová,Amy,Manželka boha kuchyně,
1,737,5297,,20,Tarasenková,Natalja,Kočka z našeho domu,
1,1168,7116,,12,Tennessee,Williams,Louka modrých dětí,
1,743,5303,,,Teyová,Josephine,Skandál v Milfordu,
1,473,,,13,Thürk,Harry,Blázen a černovláska,
1,285,5036,,16,Thomayer,Josef,Život v trávě,
1,811,5495,,34,Thürk,Harry,Kejklíř,
1,473,,,13,Thürk,Harry,Blázen a černovláska,
1,448,,,15,Thürk,Harry,Lotos na hořících jezerech,
1,449,,,12,Thürk,Harry,Vítr umírá před džunglí,
1,707,5219,1978,25,Timm,Uwe,Horké léto,
1,1139,7340,,,Tolkien,John Ronald Reuel,Silmarillion,
1,1125,7311,,,Tolkien,John Ronald Reuel,Pán prstenů - Návrat krále (III),
1,1250,7362,,,Tolkien,John Ronald Reuel,Pán prstenů - Návrat krále (III),
1,1242,7346,,,Tolkien,John Ronald Reuel,Pán prstenů - Dvě věže (II),
1,1249,7356,,,Tolkien,John Ronald Reuel,Pán prstenů - Společenstvo prstenu (I),
1,1243,7347,,,Tolkien,John Ronald Reuel,Silmarillion,
1,994,6107,1985,16,Tolstoj,Alexej Nikolajevič,Kráska z Marsu,
1,1340,7576,1952,0,Tolstoj,Alexej Nikolajevič,Křížová cesta I,
1,1343,7579,1977,0,Tolstoj,Alexej Nikolajevič,Křížová cesta I,
1,1341,7577,1952,0,Tolstoj,Alexej Nikolajevič,Křížová cesta II,
1,1344,7580,1977,0,Tolstoj,Alexej Nikolajevič,Křížová cesta II,
1,1342,7578,1952,0,Tolstoj,Alexej Nikolajevič,Křížová cesta III,
1,1345,7581,1977,0,Tolstoj,Alexej Nikolajevič,Křížová cesta III,
1,851,5600,,19,Tolstoj,"kolektiv autorů, Alexej Nikolajevič",Kontrapunkt,
1,633,3966,1972,16,Tolstoj,Alexej Nikolajevič,Kulhavý kníže,
1,664,4042,1973,17,Tolstoj,Alexej Nikolajevič,Nikitovo dětství,
1,313,372,1952,14,Tolstoj,Alexej Nikolajevič,Křížová cesta: Sestry,Křížová cesta
1,1279,7455,1998,0,Tolstoj,Alexej Nikolajevič,Paprsky inženýra Garina,
1,1337,7573,1951,0,Tolstoj,Lev Nikolajevič,Anna Kareninová I,
1,1338,7574,1951,0,Tolstoj,Lev Nikolajevič,Anna Kareninová II,
1,1339,7575,1951,0,Tolstoj,Lev Nikolajevič,Anna Kareninová III,
1,320,225,1950,10,Tolstoj,Lev Nikolajevič,Sevastopol,
1,321,15,1957,8,Tolstoj,Lev Nikolajevič,Sevastopolské povídky,
1,628,3927,,15,Tolstoj,Lev Nikolajevič,Sevastopolské povídky,
1,318,159,1952,20,Tolstoj,Lev Nikolajevič,Výbor z díla,
1,1335,7571,1952,0,Tolstoj,Lev Nikolajevič,Výbor z díla I,
1,1336,7572,1952,0,Tolstoj,Lev Nikolajevič,Výbor z díla II,
1,319,160,1952,20,Tolstoj,Lev Nikolajevič,Výbor z díla II,
1,660,4038,1973,24,Tolstoj,Lev Nikolajevič,Vzkříšení,
1,837,5574,,18,Tolstoj,Lev Nikolajevič,Korespondence s S.A. Tolsté,
1,1151,7052,,77,Tolstoj,Lev Nikolajevič,"Anna Kareninová I, II",
1,329,36,1950,8,Tolstoj,Lev Nikolajevič,Pověsti,
1,316,222,1950,12,Tolstoj,Alexej Nikolajevič,Chléb,
1,659,4037,,20,Tolstoj,Alexej Nikolajevič,Černý pátek a jiné prózy,
1,328,41,1950,10,Tolstoj,Lev Nikolajevič,"Dětství, chlapectví, jinošství",
1,746,5306,,25,Traven,Bruno,Bílá růže,
1,829,5566,,26,Traven,Bruno,Diktatura,
1,903,5838,1984,24,Traven,Bruno,Česači bavlny,
1,312,318,1956,16,Traven,Bruno,Poklad na Sierra Madre,
1,550,3716,1969,17,Truman,Capote,Chladnokrevně,
1,1114,6516,1988,26,Turgeněv,Ivan Sergejevič,Lovcovy zápisky,
1,871,5698,,23,Turgeněv,Ivan Sergejevič,Dým,
1,585,3817,1970,22,Turgeněv,Ivan Sergejevič,Otcové a děti,
1,338,42,1950,5,Turgeněv,Ivan Sergejevič,Šlechtické hnízdo,
1,341,452,,16,Twain,Mark,Dobrodružství Huckleberryho Finna,
1,1352,7588,1985,0,Uglov,Fjodor Grigorievič,Chirurgovo srdce,
1,1015,6170,1986,31,Uglov,Fjodor Grigorievič,Chirurgovo srdce,
1,508,,,17,Updike,John,Kentaur,
1,1167,7098,,25,Ullmannová,Liv,Proměny,
1,704,5152,,30,Undsetová,Sigrid,Kristina Vavřincová,
1,558,3765,,18,Undsetová,Sigrid,Šťastný věk,Paní Hjeldová
1,343,652,,10,Undsetová,Sigrid,Jenny,
1,706,5218,1978,30,Undsetová,Sigrid,Kristina Vavřincová,
1,1169,7134,,36,Updike,John,Králík je bohatý,
1,1128,7319,,,Sinclair,Upton,,
1,1246,7350,,,Sinclair,Upton,Konec světa 2,
1,989,6088,1985,15,Usťjancev,Viktor,Atomové ponorky vyplouvají,
1,873,5740,1983,12,Vartet,Julien,Přerušený oběd,
1,651,4004,,,Vasiljev,Boris,Život jde dál,
1,1034,6309,1986,25,Oatesová,Joyce Carol,Nesvaté lásky,
1,591,3835,1971,17,Vernberg,Maximilian,Pozdní doznání,
1,828,5565,1982,41,Wicker,Tom,V aréně se lvy,
1,782,5428,,20,Vidor,Miklós,Výzva,
1,874,5741,1983,35,Villaverde,Cirilo,Cecilia Valdésová,
1,967,6016,1995,23,Vinogradov,Jurij Alexandrovič,Letím na Berlín,
1,650,4003,,,Vinogradov,Jurij Alexandrovič,Odsouzení Paganiniho,
1,434,,,13,Vladimov,Georgij,Kdo jezdí sám,
1,551,3717,,26,Volek,Jindřich,Kennedyové,
1,579,3800,1970,14,Voltaire,,Candide a jiné povídky,
1,359,382,1952,32,Vries,Theun de,"Bij vlky, pastýři",
1,715,5245,1978,20,Vries,Peter de,Kolibřík,
1,827,5564,,32,Vries,Theun de,Ženojed,
1,1089,6467,1988,25,Vring,Georg von der,Voják Suhren,
1,911,5849,1984,0,Výběr autorů,,12 příběhů,
1,1046,6336,1986,26,Výběr autorů,,Stroj času,
1,1025,6268,1986,0,Výběr autorů,,Rozmarné povídky staré Rusi,
1,916,5854,1984,0,Výběr autorů,,12 příběhů,
1,980,6072,1985,42,Výběr autorů,,20 příběhů,
1,985,6077,1985,42,Výběr autorů,,20 příběhů,
1,983,6075,1985,42,Výběr autorů,,20 příběhů,
1,986,6078,1985,42,Výběr autorů,,20 příběhů,
1,984,6076,1985,42,Výběr autorů,,20 příběhů,
1,987,6079,1985,42,Výběr autorů,,20 příběhů,
1,982,6074,1985,42,Výběr autorů,,20 příběhů,
1,979,6071,1985,42,Výběr autorů,,20 příběhů,
1,981,6073,1985,42,Výběr autorů,,20 příběhů,
1,925,5863,1984,0,Výběr autorů,,12 příběhů,
1,988,6080,1985,42,Výběr autorů,,20 příběhů,
1,915,5853,1984,0,Výběr autorů,,12 příběhů,
1,908,5846,1984,0,Výběr autorů,,12 příběhů,
1,909,5847,1984,0,Výběr autorů,,12 příběhů,
1,912,5850,1984,0,Výběr autorů,,12 příběhů,
1,945,5930,1984,36,Výběr autorů,,Zápisky z volných chvil,
1,924,5862,1984,0,Výběr autorů,,12 příběhů,
1,907,5845,1984,0,Výběr autorů,,12 příběhů,
1,923,5861,1984,0,Výběr autorů,,12 příběhů,
1,922,5860,1984,0,Výběr autorů,,12 příběhů,
1,921,5859,1984,0,Výběr autorů,,12 příběhů,
1,920,5858,1984,0,Výběr autorů,,12 příběhů,
1,906,5844,1984,0,Výběr autorů,,12 příběhů,
1,794,5459,1981,22,Výběr autorů,,Chvála věcí,
1,918,5856,1984,0,Výběr autorů,,12 příběhů,
1,917,5855,1984,0,Výběr autorů,,12 příběhů,
1,993,6092,1985,42,Výběr autorů,,20 příběhů,
1,919,5857,1984,0,Výběr autorů,,12 příběhů,
1,553,3746,1970,23,Výběr autorů,,Deset italských novel,
1,914,5852,1984,0,Výběr autorů,,12 příběhů,
1,575,3794,1970,18,Wallace,Edgar,Žabí bratrstvo,
1,736,5296,,14,Walldorf,Hans,Červená slonovina,
1,1182,7173,1990,45,Waltari,Mika,3x komisař Palmu,
1,1140,7341,1992,99,Waltari,Mika,Egypťan Sinuhet,
1,770,5375,,27,Walser,Martin,Philippsburské svazky manželské,
1,724,5277,1979,27,Wantula,Leon,Luiza,
1,423,5276,1979,37,Warren,Robert Penn,U nebeských bran,
1,779,5425,,28,Wassermann,Jakob,Don Quijote oceánu,
1,890,5795,1984,45,Weiss,David,Benátčan,
1,965,6014,1995,44,Weiss,David,Nahý jsem přišel na svět,
1,1187,7182,1991,47,Weiss,David,"Já, Rembrandt",
1,454,,,16,Wells,Herbert George,Lidé jako bozi,
1,370,7235,,8,Wells,Herbert George,Až spáč procitne,
1,1159,7086,,435,Werfel,Franz,Čtyřicet dnů,
1,1290,7508,1931,0,Werfel,Franz,Zbožnost I,
1,1291,7509,1931,0,Werfel,Franz,Zbožnost II,
1,789,5430,,35,White,Patrick,Poušť Johanna Vosse,
1,941,5926,1984,36,White,Patrick,Strom člověka,
1,974,6052,1985,22,Wilde,Oscar,Pohádky,
1,590,3834,1971,20,Wilde,Oscar,Obraz Doriana Graye,
1,1096,6468,1988,30,Wilson,Angus,Čím hoří svět,
1,750,5327,,38,Winder,Ludwig,Následník trůnu,
1,655,,,28,Winkelhöferovi,Jan a Vlasta,Sto pohledů na Japonsko,
1,740,5300,1979,20,Wodehouse,Pelham Grenville,Letní bouřka,
1,948,5962,1984,24,Wodehouse,Pelham Grenville,Ukvapený Sam,
1,877,5744,1983,20,Wolanowski,Lucjan,Nepříliš tiché Tichomoří,
1,839,5576,,10,Woolfová,Virginia,Smyčcový kvartet,
1,1254,7377,,112,Woodová,Barbara,Plamen duše,
1,705,5153,,25,Wyndham,John,Den trifidů,
1,561,3768,,26,Zola,Émile,Germinal,
1,814,5498,,32,Zola,Émile,Paříž,
1,525,3626,1969,22,Zola,Émile,Zabiják,
1,373,,,12,Zola,Émile,Rozvrat,
1,432,,,21,Zola,Émile,Pod pokličkou,
1,1115,6517,1988,33,Zola,Émile,Rozvrat,
1,684,5061,1975,22,Zweig,Stefan,Netrpělivost srdce,
1,1098,6489,1988,25,Zweig,Stefan,Léčení duchem,
1,1100,6495,1988,27,Zweig,Stefan,Amok,
1,612,3872,1971,21,Zweig,Stefan,Triumf a tragika Erasma Rotterdamského,Svědomí proti násilí
1,392,,,16,Zweig,Stefan,Kaleidoskop,
1,1131,6583,1989,52,Železný,Ivo,Roboti a Androidi,
